"Used Leica APO-Summicron-M 35mm f/2 Aspherical Lens, Black Mint",Leica,8099,https://www.adorama.com/images/product/LC352.jpg,246243,US1821565
Used Leica 50mm f/2 APO-Summicron-M Aspherical Black Lens for M System (#11141) Excellent Plus,Leica,5781,https://www.adorama.com/images/product/LC502MA.jpg,246243,US1819782
Used Leica 50mm f/0.95 Noctilux-M Aspherical Manual Focus (6-Bit Coded) Lens #1779498 Well Used,Leica,6449,https://www.adorama.com/images/product/1779498_3.jpg,246243,US1779498
Used Leica 24mm f/1.4 SUMMILUX-M ASPH Wide Angle Lens for M System.(6-Bit Coded) Open Box,Leica,6999,https://www.adorama.com/images/product/LC2414MU.jpg,246243,US1821566
Used Leica 50mm f/0.95 Noctilux-M ASPH Lens for M System. please note this lens is not 6-bit coded} Average,Leica,7694,https://www.adorama.com/images/product/1790231.jpg,246243,US1790231
"Used Leica 50mm f/2 Summicron-M Lens with Built in Hood, Chrome, Non 6-Bit Excellent Plus",Leica,1799,https://www.adorama.com/images/product/LC502MSU.jpg,246243,US1790873
"Used TTArtisan 90mm f/1.25 Full Frame Lens for Leica M, Black Excellent",TTArtisan,506,https://www.adorama.com/images/product/TTA90125M.jpg,246243,US1778222
Used Leica 50mm f/2 APO-SUMMICRON-M Aspherical Lens for M System - Silver Mint,Leica,7199,https://www.adorama.com/images/product/lc502mas.jpg,246243,US1781862
"Used Zeiss 50mm f/1.5 C Sonnar T* ZM Lens for & Leica M Mount Rangefinder Cameras, Silver Excellent",Zeiss,619,https://www.adorama.com/images/product/ZI5015CSS.jpg,246243,US1811641
"Used TTArtisan 90mm f/1.25 Full Frame Lens for Leica M, Black Excellent Plus",TTArtisan,540,https://www.adorama.com/images/product/TTA90125M.jpg,246243,US1783325
"Used 7artisans Photoelectric 35mm f/5.6 Pancake Lens for Leica M, Black/Silver Mint",7artisans,118,https://www.adorama.com/images/product/TTA2856MS.jpg,246243,US1594946
Used Leica 24mm f/2.8 ELMARIT-M ASPHERICAL Lens - Black - with 6-bit lens identification code - for M & Digital M Systems. Average,Leica,1599,https://www.adorama.com/images/product/LC2428MU.jpg,246243,US1821569
Used Leica Telephoto 90mm f/2 Summicron- Bay Lens Built In Hood - Black - Lens Made in Canada E55* #11136 Well Used,Leica,810,https://www.adorama.com/images/product/1724474.JPG,246243,US1724474
"Used Leica Macro-Elmar-M 90mm f/4 Manual Focus Lens, 2.6' Minimum Focus Distance. Excellent",Leica,3299,https://www.adorama.com/images/product/1785324_4.jpg,246243,US1785324
"Used Zeiss 35mm F/2 T* ZM Biogon Lens, for & Leica M Mount Rangefinder Cameras, Black Average",Zeiss,540,https://www.adorama.com/images/product/ZI352BB.jpg,246243,US1818544
Used Leica 28mm f/5.6 Summaron-M Lens Excellent,Leica,2140,https://www.adorama.com/images/product/1760326.JPG,246243,US1760326
Used Voigtlander Nokton 50mm f/1.1 Lens for Leica M - Black Excellent,Voigtlander,516,https://www.adorama.com/images/product/NOPIC.JPG,246243,US1800501
Used Meyer-Optik Gorlitz Lydith 30mm f/3.5 Lens for Leica M Excellent,Meyer-Optik Gorlitz,629,https://www.adorama.com/images/product/NOPIC.JPG,246243,US1648774
Used Leica SUMMICRON-M 50mm f/2 Safari Edition Lens Olive Green 11824 Average,Leica,2549,https://www.adorama.com/images/product/1546208_4.JPG,246243,US1546208
"Used Leica 90mm f/2.5 Summarit-M Telephoto Manual Focus Lens for M System, Black, 6-Bits Excellent",Leica,1503,https://www.adorama.com/images/product/1765737.jpg,246243,US1765737
Used Meyer-Optik Gorlitz Trioplan 35+ f/2.8 Lens for Leica M Excellent,Meyer-Optik Gorlitz,629,https://www.adorama.com/images/product/MOG3528LCM.jpg,246243,US1648771
"Used Leica 75mm f2.4 Summarit-M, Manual Focus (6-Bit Coded) Lens for M System - Silver - U.S.A. Warranty Excellent",Leica,2184,https://www.adorama.com/images/product/1687749.jpg,246243,US1687749
Used Leica 90mm f/2.4 Summarit-M 6-Bit Coded Lens for M System - Black Excellent,Leica,1293,https://www.adorama.com/images/product/1804667_3.jpg,246243,US1804667
"Used Leica 90mm f/2.5 Summarit-M Telephoto Manual Focus Lens for M System, Black, 6-Bits Well Used",Leica,1153,https://www.adorama.com/images/product/LC9025SMU.jpg,246243,US1732382
"Used TTArtisan 50mm f/0.95 Lens for Leica M, Titanium Excellent",TTArtisan,551,https://www.adorama.com/images/product/TTA5095LMT.jpg,246243,US1808929
"Used Leica 90mm f/2.5 Summarit-M Telephoto Manual Focus Lens for M System, Black, 6-Bits Excellent",Leica,1503,https://www.adorama.com/images/product/LC9025SMU.jpg,246243,US1811582
"Used Leica Summaron 35mm f/3.5 Lens for Leica M3 #11105, Goggles/Specs Not Included Heavy Use",Leica,348,https://www.adorama.com/images/product/NOPIC.JPG,246243,US1775074
Used Voigtlander Nokton 35mm f/1.2 Aspherical Wide Angle Leica M Mount Lens - Black Excellent,Voigtlander,551,https://www.adorama.com/images/product/VT3512.jpg,246243,US1771974
Used Leitz Leica Summicron M 90/2.0 90mm f/2.0 Ver II E48 (Canada) Heavy Use,Leica,407,https://www.adorama.com/images/product/UE05299.JPG,246243,US1766306
Used Voigtlander Nokton Vintage Line 35mm f/1.5 Aspherical Type II VM Lens (Silver) Well Used,Voigtlander,480,https://www.adorama.com/images/product/NOPIC.JPG,246243,US1808938
"Used Voigtlander 35mm f/1.7 Ultron Aspherical Leica M-mount Rangefinder Lens, 7 Groups/9 Elements, 1.6'/0.5m Minimum Focus Distance, Black Excellent Plus",Voigtlander,651,https://www.adorama.com/images/product/VT3517MB.jpg,246243,US1812440
Used Voigtlander Nokton 35mm f/1.2 II Aspherical Wide Angle Leica M Mount Lens - Black Excellent,Voigtlander,949,https://www.adorama.com/images/product/VT3512II.jpg,246243,US1693402
Used Contax Carl Zeiss Sonnar T* 90mm f/2.8 Telephoto Auto Focus Lens for G-Series Cameras Average,Contax,156,https://www.adorama.com/images/product/YSG9028.jpg,246243,US1764956
Used Voigtlander Nokton 35mm f/1.2 Aspherical Wide Angle Leica M Mount Lens - Black Well Used,Voigtlander,494,https://www.adorama.com/images/product/VT3512.jpg,246243,US1761896
Used Voigtlander Nokton 35mm f/1.2 II Aspherical Wide Angle Leica M Mount Lens - Black Heavy Use,Voigtlander,714,https://www.adorama.com/images/product/VT3512II.jpg,246243,US1661197
"Used Voigtlander 35mm f/1.7 Ultron Aspherical Leica M-mount Rangefinder Lens, 7 Groups/9 Elements, 1.6'/0.5m Minimum Focus Distance, Black Mint",Voigtlander,727,https://www.adorama.com/images/product/VT3517MB.jpg,246243,US1778254
Used Contax Carl Zeiss Sonnar T* 90mm f/2.8 Telephoto Auto Focus Lens for G-Series Cameras Well Used,Contax,153,https://www.adorama.com/images/product/YSG9028.jpg,246243,US1790455
Used Contax Carl Zeiss Sonnar T* 90mm f/2.8 Telephoto Auto Focus Lens for G-Series Cameras Average,Contax,156,https://www.adorama.com/images/product/YSG9028.jpg,246243,US1794688
Used Contax Carl Zeiss Sonnar T* 90mm f/2.8 Telephoto Auto Focus Lens for G-Series Cameras Well Used,Contax,153,https://www.adorama.com/images/product/YSG9028.jpg,246243,US1797356
Used Contax Carl Zeiss Sonnar T* 90mm f/2.8 Telephoto Auto Focus Lens for G-Series Cameras Average,Contax,156,https://www.adorama.com/images/product/YSG9028.jpg,246243,US1796045
"Used Leitz 135mm F/4.5 Hektor Screw Mount Lens, Chrome For Parts",Leica,27,https://www.adorama.com/images/product/1809053.JPG,246243,US1809053
Used Zeiss 135mm f/4.0 Triotar for Exakta For Parts,Zeiss,38,https://www.adorama.com/images/product/NOPIC.JPG,246243,US1574329
Used LEITZ ELMAR 135 4.5 BLK&NICKL SCRW LNS For Parts,Leica,69,https://www.adorama.com/images/product/NOPIC.JPG,246243,US1669554
"Lomography Tiger Color Negative Film 110 Cartridge, 24 Exposures, 3-Pack",Lomography,22.9,https://www.adorama.com/images/product/CZLTGR1103PK.jpg,242272,CZLTGR1103PK
"Fujifilm 35mm Color Negative Roll Film, 200 ISO, 36 Exposures, 3-Pack",Fujifilm,22.99,https://www.adorama.com/images/product/FJCF200363P.jpg,242272,FJCF200363P
"Fujifilm 35mm Color Negative Roll Film, 400 ISO, 36 Exposures, 3-Pack",Fujifilm,24.95,https://www.adorama.com/images/product/FJCF400363P.jpg,242272,FJCF400363P
"FujiFilm Neopan 100 Acros II Black and White Negative Film, 135 Roll Film",Fujifilm,12.99,https://www.adorama.com/images/product/FJNA210036.jpg,242212,FJNA210036
"Fujifilm Neopan 100 Acros II Black & White Negative Film, 135 Roll Film, 5-Pack",Fujifilm,64.95,https://www.adorama.com/images/product/FJNA2100365.jpg,242212,FJNA2100365
Fujifilm Slide Processing Mailer for One 35mm or 120 Roll of Film,Fujifilm,12.99,https://www.adorama.com/images/product/FJSM36.jpg,242299,FJSM36
"Fujifilm 35mm Color Negative Roll Film, 400 ISO, 36 Exposures",Fujifilm,8.39,https://www.adorama.com/images/product/FJCF40036.jpg,242272,FJCF40036
"Fujifilm 5 Pack Neopan 100 Acros II Black and White Negative Film, 120 Roll Film",Fujifilm,54.95,https://www.adorama.com/images/product/FJNA21001205.jpg,242212,FJNA21001205
"Fujifilm Neopan 100 Acros II Black and White Negative Film, 120 Roll Film",Fujifilm,12.99,https://www.adorama.com/images/product/FJNA2100120.jpg,242212,FJNA2100120
"Fujifilm instax mini Instant Daylight Film Pack, 20 Exposures",Fujifilm,13.98,https://www.adorama.com/images/product/FJIM2PK.jpg,242327,FJIM2PK
"Lomography Orca 110 Pocket B&W Negative Film, 24 Exposure",Lomography,8.9,https://www.adorama.com/images/product/CZLFO110BW.jpg,242212,CZLFO110BW
"Fujifilm 35mm Color Negative Roll Film, 200 ISO, 36 Exposures",Fujifilm,7.99,https://www.adorama.com/images/product/FJCF20036.jpg,242272,FJCF20036
"Lomography Color Tiger 110 Pocket Color Negative Film, 24 Exposures, 200 ISO",Lomography,8.9,https://www.adorama.com/images/product/CZLFCT110200.jpg,242272,CZLFCT110200
"Fujifilm instax mini Instant Daylight Film Pack, 20 Exposures, 2-Pack",Fujifilm,29.98,https://www.adorama.com/images/product/FJIM2PK2.jpg,242327,FJIM2PK2
"Fujifilm Instax Mini Macaron Instant Film, 10 Exposures",Fujifilm,9.99,https://www.adorama.com/images/product/FJ16547737.JPG,242327,FJ16547737
"Fujifilm Instax Mini Contact Sheet Film, 10 Exposures",Fujifilm,9.99,https://www.adorama.com/images/product/FJIMCSF.jpg,242327,FJIMCSF
"Fujifilm instax SQUARE Instant Color Film, Twin Pack - 20 Exposures, White Frame",Fujifilm,19.95,https://www.adorama.com/images/product/FJISIF20_1.jpg,242327,FJISIF20
"Lomography 120 Color Negative Film, 400 ISO, 3-Pack",Lomography,34.9,https://www.adorama.com/images/product/CZLF4120C3.jpg,242272,CZLF4120C3
"Fujifilm Instax Mini White Instant Film, 60 Exposures, 3 Packs of 20",Fujifilm,41.99,https://www.adorama.com/images/product/FJ600016111.jpg,242327,FJ600016111
"Lomography Lobster Redscale Color Negative Film 110 Cartridge, 24 Exposures",Lomography,9.9,https://www.adorama.com/images/product/CZLLBS11024.jpg,242272,CZLLBS11024
"Lomography Potsdam Kino ISO 100 B&W Negative Film, 35mm Roll, 36 Exposures",Lomography,9.9,https://www.adorama.com/images/product/CZLF136BWCNE.jpg,242212,CZLF136BWCNE
"Fujifilm instax mini Monochrome Instant Film, 2 x Packs, (20 Exposures)",Fujifilm,15.98,https://www.adorama.com/images/product/FJIMMC1PK2.JPG,242327,FJIMMC1PK2
"Fujifilm Instax Mini Black Instant Film, 10 Exposures",Fujifilm,9.99,https://www.adorama.com/images/product/FJ16537043.JPG,242327,FJ16537043
"Fujifilm instax mini Monochrome Instant Film, 4 x Packs, (40 Exposures)",Fujifilm,39.96,https://www.adorama.com/images/product/FJIMMC1PK4.JPG,242327,FJIMMC1PK4
"Fujifilm Instax Mini Confetti Instant Color Film, 10 Exposures",Fujifilm,8.98,https://www.adorama.com/images/product/IFJINCFWW1.JPG,242327,IFJINCFWW1
"Fujifilm instax mini Monochrome Instant Film, 10 Pack",Fujifilm,7.99,https://www.adorama.com/images/product/FJIMMC1PK.JPG,242327,FJIMMC1PK
"Fujifilm instax mini Candy Pop Film, 10 Sheets",Fujifilm,9.99,https://www.adorama.com/images/product/FJIMCP.jpg,242327,FJIMCP
Fuji Instax Mini Stone Gray Film,Fujifilm,8.44,https://www.adorama.com/images/product/FJIMNSGF.jpg,242327,FJIMNSGF
"Lomography LomoChrome Metropolis XR 120 Color Negative Film, 100-400 ISO",Lomography,12.9,https://www.adorama.com/images/product/CZLF2120MPLS.jpg,242272,CZLF2120MPLS
"FujiFilm Instax Mini Rainbow Film, 10 Sheets",Fujifilm,13.98,https://www.adorama.com/images/product/FJIMRB.JPG,242327,FJIMRB
"Fujifilm Instax Mini Instant Film Variety Value Pack, 60 Exposures",Fujifilm,67,https://www.adorama.com/images/product/FJIMVPK60.jpg,242327,FJIMVPK60
INSTAX WIDE Black Instant Film 10-Pack,Fujifilm,13.99,https://www.adorama.com/images/product/FJINBF10PK.jpg,242327,FJINBF10PK
"Fujifilm - 20-Pack - Instax Wide Instant Color Print Film, ISO 800",Fujifilm,18.99,https://www.adorama.com/images/product/FJINSTAX2.jpg,242327,FJINSTAX2
"Fujifilm Instax Mini Instant Film Variety Value Pack, 20 Exposures",Fujifilm,24.99,https://www.adorama.com/images/product/FJIMVPK20.jpg,242327,FJIMVPK20
"Fujifilm 5X - 20-Pack - Instax Wide Instant Color Print Film, ISO 800",Fujifilm,99.95,https://www.adorama.com/images/product/FJINSTAX25.jpg,242327,FJINSTAX25
"Lomography Berlin Kino 400 Black and White Negative Film, 120 Roll Film",Lomography,10.9,https://www.adorama.com/images/product/CZLF4120BWCE.jpg,242212,CZLF4120BWCE
"Fujifilm Instax Mini Pink Lemonade Film, 10 Exposures",Fujifilm,15.75,https://www.adorama.com/images/product/FJIMNPLF_1.jpg,242327,FJIMNPLF
"Fujifilm Instax Mini Rainbow Film, 10 Sheets, 5-Pack",Fujifilm,69.9,https://www.adorama.com/images/product/FJIMRB.JPG,242327,FJIMRBX5
"Fujifilm Instax SQUARE Sunset Instant Film, 10 Exposures",Fujifilm,15.75,https://www.adorama.com/images/product/FJISIF10S.jpg,242327,FJISIF10S
"Fujifilm 35mm Slide Film Mailer for 36 Exposure, 5 Pack",Fujifilm,64.95,https://www.adorama.com/images/product/FJSM36P.jpg,242299,FJSM36P
"Fujifilm Instax Mini White Instant Film, 60 Exposures with Photo Album",Fujifilm,59.99,https://www.adorama.com/images/product/FJ600016111K.jpg,242327,FJ600016111K
"Fujifilm Instax SQUARE Rainbow Instant Film, 10 Exposures",Fujifilm,14.99,https://www.adorama.com/images/product/FJISIF10R.jpg,242327,FJISIF10R
"Fujifilm Instax SQUARE White Marble Instant Film, 10 Exposures",Fujifilm,13.99,https://www.adorama.com/images/product/FJISIF10WM.jpg,242327,FJISIF10WM
"Fujifilm Instax Mini White Instant Film, 120 Exposures, with Photo Album",Fujifilm,109.99,https://www.adorama.com/images/product/FJ60001611K2.jpg,242327,FJ60001611K2
"Fujifilm instax WIDE Monochrome Film Pack, 10 Sheets",Fujifilm,14.99,https://www.adorama.com/images/product/FJ16564101.JPG,242327,FJ16564101
"Fujifilm Instax SQUARE Monochrome Instant Film, 10 Exposures",Fujifilm,14.99,https://www.adorama.com/images/product/FJISIF10M.jpg,242327,FJISIF10M
"Lomography Potsdam Kino ISO 100 B&W Negative Film, 120mm Roll, 10-16 Exposures",Lomography,10.9,https://www.adorama.com/images/product/CZLF1120BWCE.jpg,242212,CZLF1120BWCE
"Fujifilm Instax Mini Heart Sketch Instant Film, 10 Exposures",Fujifilm,15.75,https://www.adorama.com/images/product/FJIMNHSF.jpg,242327,FJIMNHSF
"Fujifilm Instax Mini Spray Art Instant Film, 10 Exposures",Fujifilm,15.75,https://www.adorama.com/images/product/FJIMNSAF.jpg,242327,FJIMNSAF
"Fujifilm Instax Mini Blue Marble Instant Film, 10 Exposures",Fujifilm,15.75,https://www.adorama.com/images/product/FJIMNBMF.jpg,242327,FJIMNBMF
"Fujifilm Instax Mini Mermaid Tail Film, 10 Exposures",Fujifilm,15.75,https://www.adorama.com/images/product/FJIMNMTF.jpg,242327,FJIMNMTF
"Fujifilm Provia RDPIII 100F 120 Color Slide Film, 5-Pack",Fujifilm,64.95,https://www.adorama.com/images/product/FJRDP31205.jpg,242272,FJRDP31205
"Lomography 3 Pack of Color Negative 35mm Film, 400 ASA",Lomography,44.9,https://www.adorama.com/images/product/CZLF400363.jpg,242272,CZLF400363
"Lomography 35mm Color Negative Film, 800 ISO, 36 Exposures, 3-Pack",Lomography,57.9,https://www.adorama.com/images/product/CZLF836C3.jpg,242272,CZLF836C3
"Lomography Earl Gray 100 Negative 35mm Roll Film, 36 Exposures, 3 Pack",Lomography,21.9,https://www.adorama.com/images/product/CZLEGRY10035.jpg,242212,CZLEGRY10035
"Fujifilm Fuji Velvia RVP 50 35mm Color Slide Film, 36 Exposure",Fujifilm,29.95,https://www.adorama.com/images/product/FJRVP5036.jpg,242272,FJRVP5036
Fujifilm Provia RDPIII 100F Color Slide Film 8x10in 20Sheet,Fujifilm,449.95,https://www.adorama.com/images/product/FJRDP381020.jpg,242272,FJRDP381020
"Lomography 3 Pack of Color Negative 35mm Film, 100 ASA",Lomography,35.9,https://www.adorama.com/images/product/CZLF100363.jpg,242272,CZLF100363
"Lomography LomoChrome Metropolis 35mm Color Negative Film, 36 Exposures",Lomography,13.9,https://www.adorama.com/images/product/CZLF236MPL21.jpg,242272,CZLF236MPL21
"Fujifilm Fuji Velvia RVP 50 120 Color Slide Film, 5 Pack",Fujifilm,74.95,https://www.adorama.com/images/product/FJRVP50120PP.jpg,242272,FJRVP50120PP
"Lomography Fantome Kino 35mm Black and White Negative Film, 8 ISO, 36 Exposures",Lomography,8.9,https://www.adorama.com/images/product/CZLF8BW35.jpg,242212,CZLF8BW35
"Fujifilm Provia RDPIII 100F 35mm Slide Film, 36 Exposure",Fujifilm,28.95,https://www.adorama.com/images/product/FJRDP336U.jpg,242272,FJRDP336U
"Lomography LomoChrome Purple 110 Color Negative Film, 100-400 ISO,24 Exposures",Lomography,8.9,https://www.adorama.com/images/product/CZLF410LC1.jpg,242272,CZLF410LC1
"Fujifilm Instax Mini Sky Blue Instant Film, 10 Exposures",Fujifilm,9.99,https://www.adorama.com/images/product/FJ16537055.JPG,242327,FJ16537055
"Lomography LomoChrome Metropolis 110 Color Negative Film,100-400 ISO,24Exposures",Lomography,9.9,https://www.adorama.com/images/product/CZLF210MPLIS.jpg,242272,CZLF210MPLIS
"Lomography 35mm Redscale XR 50-200 Color Negative Film, Extended Range, 3 Rolls",Lomography,44.9,https://www.adorama.com/images/product/CZL35XR50200.jpg,242272,CZL35XR50200
"Fujifilm Fujichrome Provia RDP III 100F Color Slide Film ISO 100, 4x5 -20 Sheets",Fujifilm,129.95,https://www.adorama.com/images/product/FJRDP34520.jpg,242272,FJRDP34520
"Lomography Babylon Kino 35mm Black and White Negative Film, 13 ISO, 36 Exposures",Lomography,9.9,https://www.adorama.com/images/product/CZLF13BW35.jpg,242212,CZLF13BW35
"Fujifilm Instax Mini Instant Film Variety Value Pack, 40 Exposures With Slinger Photo Album",Fujifilm,54.95,https://www.adorama.com/images/product/FJIMVPK40K1.jpg,242327,FJIMVPK40K1
"Fujifilm Instax SQUARE Instant Film Value Pack, 60 Exposures",Fujifilm,69,https://www.adorama.com/images/product/NOPIC.JPG,242327,FJSMPK60
"Fujifilm Instax SQUARE Instant Film Value Pack, 40 Exposures",Fujifilm,44,https://www.adorama.com/images/product/NOPIC.JPG,242327,FJSMPK20
"Fujifilm Instax Mini Instant Film Variety Value Pack, 40 Exposures",Fujifilm,45,https://www.adorama.com/images/product/FJIMVPK40.jpg,242327,FJIMVPK40
"Fujifilm Instax Mini Mermaid Tail Film, 50 Exposures + Slinger Photo Album",Fujifilm,88.7,https://www.adorama.com/images/product/FJIMNMTF_1.jpg,242327,FJIMNMTFX6K
